Amount,Tip,Gender,Smoker,Day,Time,Partysize,TipPct
16.99,1.01,Female,No,Sun,Dinner,2,5.9446733372572105
10.34,1.66,Male,No,Sun,Dinner,3,16.054158607350097
21.01,3.5,Male,No,Sun,Dinner,3,16.658733936220845
23.68,3.31,Male,No,Sun,Dinner,2,13.97804054054054
24.59,3.61,Female,No,Sun,Dinner,4,14.680764538430255
25.29,4.71,Male,No,Sun,Dinner,4,18.62396204033215
8.77,2.0,Male,No,Sun,Dinner,2,22.80501710376283
26.88,3.12,Male,No,Sun,Dinner,4,11.607142857142858
15.04,1.96,Male,No,Sun,Dinner,2,13.031914893617023
14.78,3.23,Male,No,Sun,Dinner,2,21.853856562922868
10.27,1.71,Male,No,Sun,Dinner,2,16.65043816942551
35.26,5.0,Female,No,Sun,Dinner,4,14.180374361883155
15.42,1.57,Male,No,Sun,Dinner,2,10.181582360570687
18.43,3.0,Male,No,Sun,Dinner,4,16.277807921866522
14.83,3.02,Female,No,Sun,Dinner,2,20.364126770060686
21.58,3.92,Male,No,Sun,Dinner,2,18.164967562557923
10.33,1.67,Female,No,Sun,Dinner,3,16.16650532429816
16.29,3.71,Male,No,Sun,Dinner,3,22.774708410067525
16.97,3.5,Female,No,Sun,Dinner,3,20.624631703005306
20.65,3.35,Male,No,Sat,Dinner,3,16.222760290556902
17.92,4.08,Male,No,Sat,Dinner,2,22.767857142857142
20.29,2.75,Female,No,Sat,Dinner,2,13.553474618038445
15.77,2.23,Female,No,Sat,Dinner,2,14.140773620798985
39.42,7.58,Male,No,Sat,Dinner,4,19.228817858954844
19.82,3.18,Male,No,Sat,Dinner,2,16.044399596367306
17.81,2.34,Male,No,Sat,Dinner,4,13.138686131386862
13.37,2.0,Male,No,Sat,Dinner,2,14.958863126402393
12.69,2.0,Male,No,Sat,Dinner,2,15.760441292356187
21.7,4.3,Male,No,Sat,Dinner,2,19.81566820276498
19.65,3.0,Female,No,Sat,Dinner,2,15.267175572519085
9.55,1.45,Male,No,Sat,Dinner,2,15.18324607329843
18.35,2.5,Male,No,Sat,Dinner,4,13.623978201634875
15.06,3.0,Female,No,Sat,Dinner,2,19.9203187250996
20.69,2.45,Female,No,Sat,Dinner,4,11.841469308844852
17.78,3.27,Male,No,Sat,Dinner,2,18.391451068616423
24.06,3.6,Male,No,Sat,Dinner,3,14.962593516209477
16.31,2.0,Male,No,Sat,Dinner,3,12.262415695892091
16.93,3.07,Female,No,Sat,Dinner,3,18.13349084465446
18.69,2.31,Male,No,Sat,Dinner,3,12.359550561797752
31.27,5.0,Male,No,Sat,Dinner,3,15.98976654940838
16.04,2.24,Male,No,Sat,Dinner,3,13.965087281795514
17.46,2.54,Male,No,Sun,Dinner,2,14.547537227949597
13.94,3.06,Male,No,Sun,Dinner,2,21.951219512195124
9.68,1.32,Male,No,Sun,Dinner,2,13.636363636363638
30.4,5.6,Male,No,Sun,Dinner,4,18.421052631578945
18.29,3.0,Male,No,Sun,Dinner,2,16.402405686167302
22.23,5.0,Male,No,Sun,Dinner,2,22.492127755285647
32.4,6.0,Male,No,Sun,Dinner,4,18.51851851851852
28.55,2.05,Male,No,Sun,Dinner,3,7.180385288966725
18.04,3.0,Male,No,Sun,Dinner,2,16.629711751662974
12.54,2.5,Male,No,Sun,Dinner,2,19.936204146730464
10.29,3.085,Female,No,Sun,Dinner,2,29.980563654033045
34.81,5.2,Female,No,Sun,Dinner,4,14.938236139040505
9.94,1.56,Male,No,Sun,Dinner,2,15.694164989939638
25.56,4.34,Male,No,Sun,Dinner,4,16.97965571205008
19.49,3.51,Male,No,Sun,Dinner,2,18.009235505387377
38.01,3.0,Male,Yes,Sat,Dinner,4,7.892659826361484
26.41,1.5,Female,No,Sat,Dinner,2,5.679666792881484
11.24,1.76,Male,Yes,Sat,Dinner,2,15.658362989323843
48.27,6.73,Male,No,Sat,Dinner,4,13.942407292314066
20.29,3.21,Male,Yes,Sat,Dinner,2,15.82060128141942
13.81,2.0,Male,Yes,Sat,Dinner,2,14.482259232440258
11.02,1.98,Male,Yes,Sat,Dinner,2,17.96733212341198
18.29,3.76,Male,Yes,Sat,Dinner,4,20.55768179332969
17.59,2.64,Male,No,Sat,Dinner,3,15.008527572484368
20.08,3.15,Male,No,Sat,Dinner,3,15.687250996015937
16.45,2.47,Female,No,Sat,Dinner,2,15.01519756838906
3.07,1.0,Female,Yes,Sat,Dinner,1,32.57328990228013
20.23,2.01,Male,No,Sat,Dinner,2,9.935739001482945
15.01,2.09,Male,Yes,Sat,Dinner,2,13.924050632911392
12.02,1.97,Male,No,Sat,Dinner,2,16.38935108153078
17.07,3.0,Female,No,Sat,Dinner,3,17.57469244288225
26.86,3.14,Female,Yes,Sat,Dinner,2,11.69024571854058
25.28,5.0,Female,Yes,Sat,Dinner,2,19.77848101265823
14.73,2.2,Female,No,Sat,Dinner,2,14.935505770536322
10.51,1.25,Male,No,Sat,Dinner,2,11.893434823977165
17.92,3.08,Male,Yes,Sat,Dinner,2,17.1875
27.2,4.0,Male,No,Thur,Lunch,4,14.705882352941178
22.76,3.0,Male,No,Thur,Lunch,2,13.181019332161686
17.29,2.71,Male,No,Thur,Lunch,2,15.6737998843262
19.44,3.0,Male,Yes,Thur,Lunch,2,15.432098765432098
16.66,3.4,Male,No,Thur,Lunch,2,20.408163265306122
10.07,1.83,Female,No,Thur,Lunch,1,18.17279046673287
32.68,5.0,Male,Yes,Thur,Lunch,2,15.299877600979192
15.98,2.03,Male,No,Thur,Lunch,2,12.703379224030037
34.83,5.17,Female,No,Thur,Lunch,4,14.843525696238874
13.03,2.0,Male,No,Thur,Lunch,2,15.349194167306218
18.28,4.0,Male,No,Thur,Lunch,2,21.88183807439825
24.71,5.85,Male,No,Thur,Lunch,2,23.674625657628486
21.16,2.3049999999999997,Male,No,Thur,Lunch,2,10.893194706994327
28.97,3.0,Male,Yes,Fri,Dinner,2,10.355540214014498
22.49,3.5,Male,No,Fri,Dinner,2,15.562472209871055
5.75,1.0,Female,Yes,Fri,Dinner,2,17.391304347826086
16.32,4.3,Female,Yes,Fri,Dinner,2,26.348039215686274
22.75,3.25,Female,No,Fri,Dinner,2,14.285714285714285
40.17,4.73,Male,Yes,Fri,Dinner,4,11.77495643515061
27.28,4.0,Male,Yes,Fri,Dinner,2,14.662756598240467
12.03,1.5,Male,Yes,Fri,Lunch,2,12.468827930174564
21.01,3.0,Male,Yes,Fri,Dinner,2,14.27891480247501
12.46,1.5,Male,No,Fri,Dinner,2,12.03852327447833
11.35,2.5,Female,Yes,Fri,Dinner,2,22.026431718061676
15.38,3.0,Female,Yes,Fri,Dinner,2,19.505851755526656
44.3,2.5,Female,Yes,Sat,Dinner,3,5.643340857787811
22.42,2.615,Female,Yes,Sat,Dinner,2,11.663693131132916
20.92,4.08,Female,No,Sat,Dinner,2,19.50286806883365
15.36,1.64,Male,Yes,Sat,Dinner,2,10.677083333333332
20.49,4.06,Male,Yes,Sat,Dinner,2,19.814543679843826
25.21,4.29,Male,Yes,Sat,Dinner,2,17.017056723522412
18.24,3.76,Male,No,Sat,Dinner,2,20.614035087719298
14.31,4.0,Female,Yes,Sat,Dinner,2,27.952480782669458
14.0,3.0,Male,No,Sat,Dinner,2,21.428571428571427
7.25,1.0,Female,No,Sat,Dinner,1,13.793103448275861
38.07,4.0,Male,Yes,Sun,Dinner,3,10.506960861570791
23.95,2.55,Male,No,Sun,Dinner,2,10.647181628392484
25.71,4.0,Female,No,Sun,Dinner,3,15.558148580318942
29.93,5.07,Male,No,Sun,Dinner,4,16.93952555963916
10.65,1.5,Female,No,Thur,Lunch,2,14.084507042253522
12.43,1.8,Female,No,Thur,Lunch,2,14.481094127111827
24.08,2.92,Female,No,Thur,Lunch,2,12.12624584717608
11.69,2.31,Male,No,Thur,Lunch,2,19.760479041916167
13.42,1.68,Female,No,Thur,Lunch,2,12.518628912071533
14.26,2.5,Male,No,Thur,Lunch,2,17.53155680224404
15.95,2.0,Male,No,Thur,Lunch,2,12.539184952978058
12.48,2.52,Female,No,Thur,Lunch,2,20.192307692307693
29.8,4.2,Female,No,Thur,Lunch,2,14.093959731543624
8.52,1.48,Male,No,Thur,Lunch,2,17.370892018779344
14.52,2.0,Female,No,Thur,Lunch,2,13.774104683195592
22.82,2.18,Male,No,Thur,Lunch,3,9.55302366345311
19.08,1.5,Male,No,Thur,Lunch,2,7.8616352201257875
20.27,2.83,Female,No,Thur,Lunch,2,13.961519486926493
11.17,1.5,Female,No,Thur,Lunch,2,13.428827215756492
12.26,2.0,Female,No,Thur,Lunch,2,16.31321370309951
18.26,3.25,Female,No,Thur,Lunch,2,17.798466593647316
8.51,1.25,Female,No,Thur,Lunch,2,14.688601645123384
10.33,2.0,Female,No,Thur,Lunch,2,19.36108422071636
14.15,2.0,Female,No,Thur,Lunch,2,14.13427561837456
16.0,2.0,Male,Yes,Thur,Lunch,2,12.5
13.16,2.75,Female,No,Thur,Lunch,2,20.89665653495441
17.47,3.5,Female,No,Thur,Lunch,2,20.034344590726963
34.3,6.7,Male,No,Thur,Lunch,6,19.533527696793005
41.19,5.0,Male,No,Thur,Lunch,5,12.138868657441128
27.05,5.0,Female,No,Thur,Lunch,6,18.484288354898336
16.43,2.3,Female,No,Thur,Lunch,2,13.998782714546559
8.35,1.5,Female,No,Thur,Lunch,2,17.964071856287426
18.64,1.36,Female,No,Thur,Lunch,3,7.296137339055794
11.87,1.63,Female,No,Thur,Lunch,2,13.732097725358045
9.78,1.73,Male,No,Thur,Lunch,2,17.68916155419223
7.51,2.0,Male,No,Thur,Lunch,2,26.63115845539281
14.07,2.5,Male,No,Sun,Dinner,2,17.768301350390903
13.13,2.0,Male,No,Sun,Dinner,2,15.232292460015232
17.26,2.74,Male,No,Sun,Dinner,3,15.874855156431053
24.55,2.0,Male,No,Sun,Dinner,4,8.146639511201629
19.77,2.0,Male,No,Sun,Dinner,4,10.116337885685383
29.85,5.14,Female,No,Sun,Dinner,5,17.219430485762143
48.17,5.0,Male,No,Sun,Dinner,6,10.379904504878555
25.0,3.75,Female,No,Sun,Dinner,4,15.0
13.39,2.61,Female,No,Sun,Dinner,2,19.49215832710978
16.49,2.0,Male,No,Sun,Dinner,4,12.128562765312312
21.5,3.5,Male,No,Sun,Dinner,4,16.27906976744186
12.66,2.5,Male,No,Sun,Dinner,2,19.747235387045812
16.21,2.0,Female,No,Sun,Dinner,3,12.338062924120912
13.81,2.0,Male,No,Sun,Dinner,2,14.482259232440258
17.51,3.0,Female,Yes,Sun,Dinner,2,17.133066818960593
24.52,3.48,Male,No,Sun,Dinner,3,14.192495921696574
20.76,2.24,Male,No,Sun,Dinner,2,10.789980732177264
31.71,4.5,Male,No,Sun,Dinner,4,14.191106906338694
10.59,1.61,Female,Yes,Sat,Dinner,2,15.203021718602455
10.63,2.0,Female,Yes,Sat,Dinner,2,18.814675446848543
50.81,10.0,Male,Yes,Sat,Dinner,3,19.681165124975397
117.81,3.16,Male,Yes,Sat,Dinner,2,2.6822850352262115
7.25,3.085,Male,Yes,Sun,Dinner,2,42.55172413793103
16.82,4.0,Male,Yes,Sun,Dinner,2,23.781212841854934
32.9,3.11,Male,Yes,Sun,Dinner,2,9.45288753799392
17.89,2.0,Male,Yes,Sun,Dinner,2,11.179429849077696
14.48,2.0,Male,Yes,Sun,Dinner,2,13.812154696132598
96.6,4.0,Female,Yes,Sun,Dinner,2,4.140786749482402
34.63,3.55,Male,Yes,Sun,Dinner,2,10.2512272596015
34.65,3.68,Male,Yes,Sun,Dinner,4,10.620490620490623
23.33,5.65,Male,Yes,Sun,Dinner,2,24.21774539219889
45.35,3.5,Male,Yes,Sun,Dinner,3,7.717750826901875
23.17,6.5,Male,Yes,Sun,Dinner,4,28.05351747949935
40.55,3.0,Male,Yes,Sun,Dinner,2,7.398273736128237
20.69,5.0,Male,No,Sun,Dinner,5,24.166263895601737
20.9,3.5,Female,No,Sun,Dinner,3,16.74641148325359
18.15,3.5,Female,Yes,Sun,Dinner,3,19.28374655647383
23.1,4.0,Male,Yes,Sun,Dinner,3,17.316017316017316
15.69,1.5,Male,Yes,Sun,Dinner,2,9.560229445506693
19.81,4.19,Female,Yes,Thur,Lunch,2,21.150933871781934
28.44,2.56,Male,Yes,Thur,Lunch,2,9.0014064697609
15.48,2.02,Male,Yes,Thur,Lunch,2,13.049095607235142
16.58,4.0,Male,Yes,Thur,Lunch,2,24.12545235223161
7.56,1.44,Male,No,Thur,Lunch,2,19.047619047619047
10.34,2.0,Male,Yes,Thur,Lunch,2,19.342359767891683
10.34,2.0,Male,Yes,Thur,Lunch,2,19.342359767891683
43.11,5.0,Female,Yes,Thur,Lunch,4,11.59823706796567
13.0,2.0,Female,Yes,Thur,Lunch,2,15.384615384615385
13.51,2.0,Male,Yes,Thur,Lunch,2,14.803849000740193
18.71,4.0,Male,Yes,Thur,Lunch,3,21.378941742383752
12.74,2.01,Female,Yes,Thur,Lunch,2,15.777080062794347
13.0,2.0,Female,Yes,Thur,Lunch,2,15.384615384615385
16.4,2.5,Female,Yes,Thur,Lunch,2,15.243902439024392
20.53,4.0,Male,Yes,Thur,Lunch,4,19.48368241597662
16.47,3.23,Female,Yes,Thur,Lunch,3,19.611414693381906
26.59,3.41,Male,Yes,Sat,Dinner,3,12.82437006393381
38.73,3.0,Male,Yes,Sat,Dinner,4,7.74593338497289
24.27,2.03,Male,Yes,Sat,Dinner,2,8.364235681911826
12.76,2.23,Female,Yes,Sat,Dinner,2,17.476489028213166
30.06,2.0,Male,Yes,Sat,Dinner,3,6.653359946773121
25.89,5.16,Male,Yes,Sat,Dinner,4,19.930475086906142
48.33,9.0,Male,No,Sat,Dinner,4,18.6219739292365
13.27,2.5,Female,Yes,Sat,Dinner,2,18.839487565938207
28.17,6.5,Female,Yes,Sat,Dinner,3,23.074192403265883
12.9,1.1,Female,Yes,Sat,Dinner,2,8.527131782945736
28.15,3.0,Male,Yes,Sat,Dinner,5,10.657193605683837
11.59,1.5,Male,Yes,Sat,Dinner,2,12.94219154443486
7.74,1.44,Male,Yes,Sat,Dinner,2,18.6046511627907
30.14,3.09,Female,Yes,Sat,Dinner,2,10.252156602521566
12.16,2.2,Male,Yes,Fri,Lunch,2,18.092105263157894
13.42,3.48,Female,Yes,Fri,Lunch,2,25.93144560357675
8.58,1.92,Male,Yes,Fri,Lunch,1,22.377622377622377
15.98,3.0,Female,No,Fri,Lunch,3,18.773466833541928
13.42,1.58,Male,Yes,Fri,Lunch,2,11.773472429210134
16.27,2.5,Female,Yes,Fri,Lunch,2,15.365703749231715
10.09,2.0,Female,Yes,Fri,Lunch,2,19.821605550049554
20.45,3.0,Male,No,Sat,Dinner,4,14.66992665036675
13.28,2.72,Male,No,Sat,Dinner,2,20.481927710843376
22.12,3.085,Female,No,Sun,Dinner,2,13.946654611211573
24.01,2.0,Male,Yes,Sat,Dinner,4,8.329862557267804
15.69,3.0,Male,Yes,Sat,Dinner,3,19.120458891013385
11.61,3.39,Male,No,Sat,Dinner,2,29.198966408268735
10.77,1.47,Male,No,Sat,Dinner,2,13.649025069637883
15.53,3.0,Male,Yes,Sun,Dinner,2,19.31745009658725
10.07,1.25,Male,No,Sat,Dinner,2,12.413108242303872
12.6,1.0,Male,Yes,Sat,Dinner,2,7.936507936507936
32.83,1.17,Male,Yes,Sat,Dinner,2,3.563813585135547
35.83,4.67,Female,No,Sat,Dinner,3,13.033770583310075
29.03,5.92,Male,No,Sat,Dinner,2,20.39269720978298
22.67,2.0,Male,Yes,Sat,Dinner,2,8.822232024702249
17.82,1.75,Male,No,Sat,Dinner,2,9.820426487093153
18.78,3.0,Female,No,Thur,Lunch,2,15.974440894568689
19.29,3.23,Male,Yes,Thur,Dinner,3,16.744427164333853
24.21,3.19,Female,No,Sun,Dinner,2,13.176373399421726
18.23,2.18,Female,Yes,Sat,Lunch,3,11.958310477235328
20.5,2.1,Male,Yes,Sat,Dinner,2,10.24390243902439
30.87,3.69,Male,Yes,Sun,Lunch,3,11.9533527696793
24.56,2.88,Female,No,Sun,Lunch,2,11.726384364820847
13.69,2.0,Female,Yes,Thur,Lunch,2,14.60920379839299
17.89,2.98,Male,Yes,Thur,Dinner,3,16.657350475125767
22.89,3.0,Female,No,Thur,Dinner,2,13.106159895150721
19.1,3.1,Male,No,Sat,Lunch,2,16.230366492146597
9.87,1.68,Female,No,Sat,Lunch,1,17.02127659574468
19.65,2.89,Male,Yes,Sun,Dinner,2,14.707379134860052
25.68,3.87,Female,Yes,Sat,Lunch,3,15.070093457943926
33.87,4.0,Female,No,Sun,Lunch,4,11.8098612341305
40.45,4.85,Male,Yes,Thur,Dinner,4,11.99011124845488
33.76,3.29,Female,No,Sat,Dinner,3,9.745260663507109
29.87,3.7,Female,No,Sun,Dinner,2,12.387010378305993
8.88,1.5,Male,Yes,Sun,Dinner,1,16.89189189189189
13.89,2.38,Female,No,Fri,Lunch,2,17.134629229661623
29.99,3.39,Female,No,Fri,Dinner,3,11.303767922640882
43.8,4.39,Male,Yes,Sat,Lunch,3,10.02283105022831
8.9,1.5,Male,No,Fri,Lunch,1,16.853932584269664
23.91,2.65,Male,Yes,Fri,Dinner,2,11.083228774571309
33.8,3.0,Female,No,Fri,Dinner,3,8.875739644970416
40.9,4.67,Female,Yes,Sat,Lunch,3,11.418092909535453
22.66,2.5,Male,No,Sun,Lunch,3,11.032656663724625
29.76,3.0,Female,No,Sun,Lunch,3,10.080645161290322
15.0,2.5,Female,Yes,Sat,Dinner,2,16.666666666666664
22.5,2.6,Male,No,Thur,Lunch,3,11.555555555555557
33.6,3.0,Male,No,Fri,Dinner,2,8.928571428571429
25.65,2.56,Female,Yes,Sat,Lunch,2,9.980506822612087
30.0,3.0,Female,No,Sun,Lunch,3,10.0
16.7,1.5,Male,Yes,Thur,Dinner,2,8.982035928143713
25.55,2.3,Female,No,Fri,Lunch,3,9.001956947162427
27.79,2.59,Female,No,Sat,Dinner,2,9.319899244332493
30.3,2.15,Male,Yes,Thur,Dinner,3,7.095709570957095
10.1,1.8,Female,No,Thur,Lunch,2,17.821782178217823
16.68,1.9,Female,Yes,Sun,Dinner,2,11.390887290167866
16.68,1.9,Female,Yes,Sun,Dinner,2,11.390887290167866
19.9,2.0,Male,Yes,Sun,Lunch,2,10.050251256281408
30.35,3.3,Female,No,Sat,Lunch,3,10.87314662273476
44.34,4.1,Male,Yes,Sun,Dinner,4,9.246729815065402
23.45,2.4,Male,No,Sat,Lunch,2,10.23454157782516
17.7,2.35,Female,No,Thur,Lunch,2,13.27683615819209
24.5,2.69,Male,No,Fri,Lunch,3,10.979591836734693
18.0,1.9,Female,Yes,Thur,Dinner,2,10.555555555555555
27.8,2.59,Male,Yes,Fri,Lunch,3,9.316546762589928
35.6,13.55,Male,No,Fri,Dinner,3,38.06179775280899
29.9,2.1,Female,No,Fri,Lunch,3,7.023411371237459
16.57,1.79,Female,Yes,Sun,Dinner,2,10.8026554013277
8.88,1.0,Male,Yes,Fri,Lunch,1,11.26126126126126
20.66,1.9,Male,No,Thur,Dinner,2,9.19651500484027
44.4,3.89,Female,No,Sun,Lunch,3,8.761261261261263
32.56,2.96,Female,Yes,Sat,Lunch,3,9.09090909090909
27.8,2.59,Male,Yes,Fri,Lunch,3,9.316546762589928
29.9,2.1,Female,No,Fri,Lunch,3,7.023411371237459
16.57,1.79,Female,Yes,Sun,Dinner,2,10.8026554013277
8.88,1.0,Male,Yes,Fri,Lunch,1,11.26126126126126
20.66,1.9,Male,No,Thur,Dinner,2,9.19651500484027
44.4,3.89,Female,No,Sun,Lunch,3,8.761261261261263
32.56,2.96,Female,Yes,Sat,Lunch,3,9.09090909090909
14.56,3.45,Male,Yes,Sun,Dinner,3,23.695054945054945
10.07,11.25,Male,No,Sat,Dinner,2,111.71797418073486
22.01,3.23,Female,Yes,Fri,Lunch,2,14.675147660154476
13.69,2.0,Female,Yes,Thur,Lunch,2,14.60920379839299
21.34,2.98,Male,Yes,Thur,Dinner,3,13.964386129334583
12.89,3.0,Female,No,Thur,Dinner,2,23.273855702094647
19.65,3.1,Male,No,Sat,Lunch,2,15.77608142493639
1.01,1.68,Female,No,Sat,Lunch,1,166.33663366336634
19.65,2.09,Male,Yes,Sun,Dinner,2,10.636132315521628
21.56,3.66,Female,Yes,Sat,Lunch,3,16.97588126159555
28.87,3.67,Female,No,Sun,Lunch,3,12.712157949428471
22.01,4.0,Male,Yes,Thur,Dinner,4,18.17355747387551
19.76,2.21,Male,No,Sat,Dinner,3,11.184210526315788
19.09,3.0,Female,No,Thur,Dinner,3,15.71503404924044
23.9,3.98,Male,Yes,Thur,Dinner,3,16.652719665271967
20.09,20.96,Female,No,Sun,Dinner,4,104.33051269288202
14.56,2.78,Female,Yes,Sat,Lunch,2,19.09340659340659
19.23,2.01,Female,No,Sat,Lunch,3,10.452418096723868
28.45,2.45,Female,No,Thur,Dinner,2,8.611599297012303
33.45,4.67,Female,Yes,Sat,Lunch,3,13.961136023916293
24.67,2.5,Male,No,Sun,Lunch,3,10.133765707336845
26.9,3.0,Female,No,Sun,Lunch,3,11.152416356877325
17.6,2.5,Female,Yes,Sat,Dinner,2,14.204545454545453
21.0,2.6,Male,No,Thur,Lunch,3,12.380952380952381
30.15,3.0,Male,No,Fri,Dinner,2,9.950248756218906
29.35,2.56,Female,Yes,Sat,Lunch,2,8.722316865417376
31.5,3.0,Female,No,Sun,Lunch,3,9.523809523809524
14.69,1.5,Male,Yes,Thur,Dinner,2,10.211027910142954
24.0,2.3,Female,No,Fri,Lunch,3,9.583333333333332
16.65,2.94,Female,No,Sun,Dinner,3,17.65765765765766
21.56,3.34,Male,Yes,Sat,Lunch,3,15.491651205936922
25.68,2.78,Female,No,Sun,Lunch,3,10.825545171339563
22.33,3.9,Male,Yes,Thur,Dinner,4,17.465293327362293
18.67,2.09,Female,No,Sat,Dinner,3,11.1944295661489
18.09,3.45,Female,No,Thur,Lunch,3,19.071310116086238
21.67,3.0,Male,Yes,Thur,Dinner,4,13.844023996308257
27.23,2.9,Male,No,Fri,Lunch,3,10.650018362100624
18.89,22.23,Male,No,Sun,Lunch,5,117.68131286394919
16.37,3.21,Female,Yes,Sat,Lunch,2,19.609040928527794
18.99,3.3,Female,No,Thur,Lunch,2,17.377567140600316
6.69,0.01,Male,No,Thur,Dinner,3,0.14947683109118087
21.37,1.0,Female,No,Sun,Lunch,3,4.679457182966776
13.28,2.22,Female,Yes,Sat,Lunch,3,16.71686746987952
16.415,1.99,Female,No,Thur,Lunch,1,12.12305817849528
9.96,2.87,Female,Yes,Fri,Dinner,4,28.815261044176705
18.38,3.01,Female,No,Sat,Dinner,3,16.376496191512512
16.69,2.68,Male,No,Sun,Lunch,3,16.057519472738164
22.38,3.01,Male,No,Sun,Dinner,2,13.449508489722966
24.55,2.0,Male,No,Sat,Lunch,2,8.146639511201629
20.0,12.9,Female,Yes,Sun,Dinner,5,64.5
27.56,3.59,Female,Yes,Sun,Dinner,4,13.02612481857765
